<?xml version="1.0" encoding="UTF-8"?>
    <addon id="repository.13clownsBETA" name="[B][COLORred]13Clowns[/COLOR] [COLOR white]Repo-BETA[/COLOR][/B]" version="0.0.1" provider-name="13Clowns">
        <requires>
            <import addon="xbmc.addon" version="12.0.0"/>
        </requires>
        <extension point="xbmc.addon.repository" name="13Clowns Repo">
        <dir>
            <info compressed="false">https://raw.githubusercontent.com/13Clowns/_beta/master/addons.xml</info>
            <checksum>https://raw.githubusercontent.com/13Clowns/_beta/master/addons.xml.md5</checksum>
            <datadir zip="true">https://raw.githubusercontent.com/13Clowns/_beta/master/</datadir>
        </dir>
        <dir>
            <info compressed="false">https://raw.githubusercontent.com/jsergio123/zips/master/addons.xml</info>
            <checksum>https://raw.githubusercontent.com/jsergio123/zips/master/addons.xml.md5</checksum>
            <datadir zip="true">https://raw.githubusercontent.com/jsergio123/zips/master/</datadir>
        </dir>
        <dir>
        <info compressed="false">https://raw.githubusercontent.com/I-A-C/zips/master/addons.xml</info>
        <checksum>https://raw.githubusercontent.com/I-A-C/zips/master/addons.xml.md5</checksum>
        <datadir zip="true">https://raw.githubusercontent.com/I-A-C/zips/master/</datadir>
        </dir>
        </extension>
        <extension point="xbmc.addon.metadata">
            <summary lang="en">[B][COLORred]13Clowns[/COLOR][/B] - Repo is a free portal for you Clowns to see the best stuff!</summary>
            <description lang="en">[B][COLORred]13Clowns[/COLOR][/B] - This addon does not form part of the Kodi Media Centre. Please do not seek assistance with this addon from any of the Official Kodi Support Channels.The author does not host any of the content in this addon and takes no responsibility for content found.</description>
            <disclaimer lang="en">The author is not responsible for the use of this addon. The author is not responsible for the content found using this addon. The author does not host or own any content found within this addon. The author is in no way affiliated with Kodi, Team Kodi, or the XBMC Foundation. This is a Non-profit resource, organized solely for educational purposes which is protected under the Fair-Use doctrine of the Copyright Act, Specifically section 107, which does promote freedom of expression, by permitting the unlicensed use of copyright-protected works</disclaimer>
            <platform>all</platform>
            <license>GNU GENERAL PUBLIC LICENSE. Version 3, 29 June 2007</license>
        <assets>
            <icon>icon.png</icon>
            <fanart>fanart.jpg</fanart>
        </assets>
        <news></news>
        </extension>
    </addon>
    